{
    "iron_ore":{
        "name":"iron_ore",
        "texture": "iron_ore"
    },
    "iron_ingot":{
        "name":"iron_ingot",
        "texture":"iron_ingot"
    },
    "space_stone":{
        "name":"space_stone",
        "texture":"space_stone"
    },
    "ingot":{
        "name":"ingot",
        "texture":"ingot"
    },
    "gold_ore":{
        "name":"gold_ore",
        "texture":"gold_ore"
    },
    "gold_ingot":{
        "name":"gold_ingot",
        "texture":"gold_ingot"
    },
    "dovynaid":{
        "name":"dovynaid",
        "texture":"dovynaid"
    }
    
}