{
    "iron_ore":{
        "ru":"Железная руда",
        "en":"Iron ore"
    },
    "iron_ingot":{
        "ru":"Железный слиток",
        "en":"Iron ingot"
    },
    "gold_ore":{
        "ru":"Железная руда",
        "en":"Gold ore"
    },
    "gold_ingot":{
        "ru":"Золатая руда",
        "en":"Gold ingot"
    },
    "ingot":{
        "ru":"Слиток",
        "en":"Empty ingot"
    },
    "space_stone":{
        "ru":"Камень",
        "en":"Stone"
    },
    "dovynaid":{
        "ru":"Довидиум",
        "en":"Dovynaid"
    },
    "not":{
        "ru":"НЕТ",
        "en":"NO"
    }
}